[{"status":1,"floorplan_id":"1","moveindate":"2020-05-02"},{"status":1,"floorplan_id":"5","moveindate":"2020-05-02"},{"status":1,"floorplan_id":"7","moveindate":"2020-05-02"},{"status":1,"floorplan_id":"8","moveindate":"2020-05-02"},{"status":1,"floorplan_id":"9","moveindate":"2020-05-02"},{"status":1,"floorplan_id":"10","moveindate":"2020-05-02"},{"status":1,"floorplan_id":"12","moveindate":"2020-05-02"},{"status":1,"floorplan_id":"14","moveindate":"2020-05-02"},{"status":1,"floorplan_id":"15","moveindate":"2020-05-02"},{"status":1,"floorplan_id":"16","moveindate":"2020-05-02"},{"status":1,"floorplan_id":"18","moveindate":"2020-05-02"},{"status":1,"floorplan_id":"19","moveindate":"2020-05-02"}]